0.000000000000000000e+00,0.000000000000000000e+00,7.127532117532543732e-02
2.000000000000000111e-01,5.000000000000000278e-02,1.743782898886768962e+00
4.000000000000000222e-01,1.000000000000000056e-01,7.215593402221407437e-01
6.000000000000000888e-01,1.500000000000000222e-01,3.303510182894986880e+00
8.000000000000000444e-01,2.000000000000000111e-01,3.118553513518106168e+00
1.000000000000000000e+00,2.500000000000000000e-01,4.860641757621888104e+00
1.200000000000000178e+00,3.000000000000000444e-01,5.709110589871519537e+00
1.400000000000000133e+00,3.500000000000000333e-01,6.483354406498992972e+00
1.600000000000000089e+00,4.000000000000000222e-01,6.246524575660044931e+00
1.800000000000000044e+00,4.500000000000000111e-01,5.569127563435786854e+00
2.000000000000000000e+00,5.000000000000000000e-01,4.378245254089674354e+00
2.200000000000000178e+00,5.500000000000000444e-01,3.763548298589131758e+00
2.400000000000000355e+00,6.000000000000000888e-01,2.298618491777466133e+00
2.600000000000000089e+00,6.500000000000000222e-01,3.909773396001472889e+00
2.800000000000000266e+00,7.000000000000000666e-01,2.961288531807849456e+00
3.000000000000000000e+00,7.500000000000000000e-01,1.304053401286059621e+00
3.200000000000000178e+00,8.000000000000000444e-01,-4.499198473600979353e-01
3.400000000000000355e+00,8.500000000000000888e-01,-8.659235668273079778e-01
3.600000000000000089e+00,9.000000000000000222e-01,-1.657323196519343567e+00
3.800000000000000266e+00,9.500000000000000666e-01,-2.194108568425300998e+00
4.000000000000000000e+00,1.000000000000000000e+00,-2.560663692996639096e+00
4.200000000000000178e+00,1.050000000000000044e+00,-3.601807322556106250e+00
4.400000000000000355e+00,1.100000000000000089e+00,-2.802209266641728647e+00
4.600000000000000533e+00,1.150000000000000133e+00,-4.042143573520917244e+00
4.800000000000000711e+00,1.200000000000000178e+00,-2.518324783731018091e+00
5.000000000000000000e+00,1.250000000000000000e+00,-4.859644429671613253e+00
5.200000000000000178e+00,1.300000000000000044e+00,-3.231706821681942454e+00
5.400000000000000355e+00,1.350000000000000089e+00,-2.357493026812011561e+00
5.600000000000000533e+00,1.400000000000000133e+00,-6.857063103749376776e-01
5.800000000000000711e+00,1.450000000000000178e+00,-8.351367555814978028e-01
6.000000000000000000e+00,1.500000000000000000e+00,3.383019826692655885e-01
6.200000000000000178e+00,1.550000000000000044e+00,2.275330456503044108e-01
6.400000000000000355e+00,1.600000000000000089e+00,3.281047249661821930e+00
6.600000000000000533e+00,1.650000000000000133e+00,2.449404069917031634e+00
6.800000000000000711e+00,1.700000000000000178e+00,5.054463988266996388e+00
7.000000000000000000e+00,1.750000000000000000e+00,4.705984748119203864e+00
7.200000000000000178e+00,1.800000000000000044e+00,5.812013503236838297e+00
7.400000000000000355e+00,1.850000000000000089e+00,5.979682521992597088e+00
7.600000000000000533e+00,1.900000000000000133e+00,5.670292448761449222e+00
7.800000000000000711e+00,1.950000000000000178e+00,5.139535207650803628e+00
8.000000000000000000e+00,2.000000000000000000e+00,5.669837287060445874e+00
8.200000000000001066e+00,2.050000000000000266e+00,7.002531478599295589e+00
8.400000000000000355e+00,2.100000000000000089e+00,8.435961749074058602e+00
8.599999999999999645e+00,2.149999999999999911e+00,5.943325931846398014e+00
8.800000000000000711e+00,2.200000000000000178e+00,4.814986995907201361e+00
9.000000000000000000e+00,2.250000000000000000e+00,5.954565325086297989e+00
9.200000000000001066e+00,2.300000000000000266e+00,2.640987892689365957e-01
9.400000000000000355e+00,2.350000000000000089e+00,1.495708142428179954e+00
9.600000000000001421e+00,2.400000000000000355e+00,2.797178663244753949e+00
9.800000000000000711e+00,2.450000000000000178e+00,2.701713345643506070e+00
1.000000000000000000e+01,2.500000000000000000e+00,-1.443026174809326490e+00
1.020000000000000107e+01,2.550000000000000266e+00,-1.346062337753591853e-01
1.040000000000000036e+01,2.600000000000000089e+00,-1.256876201410430216e+00
1.060000000000000142e+01,2.650000000000000355e+00,-2.203204429469119319e+00
1.080000000000000071e+01,2.700000000000000178e+00,-2.230237061132130716e+00
1.100000000000000000e+01,2.750000000000000000e+00,-3.133319644099315404e+00
1.120000000000000107e+01,2.800000000000000266e+00,-1.127392983277074157e+00
1.140000000000000036e+01,2.850000000000000089e+00,-3.063045223215951740e+00
1.160000000000000142e+01,2.900000000000000355e+00,-8.774215440517449949e-01
1.180000000000000071e+01,2.950000000000000178e+00,1.231965958264031880e-01
1.200000000000000000e+01,3.000000000000000000e+00,-3.971736037901107963e-02
1.220000000000000107e+01,3.050000000000000266e+00,1.260432062813781506e+00
1.240000000000000036e+01,3.100000000000000089e+00,3.789289838072246397e+00
1.260000000000000142e+01,3.150000000000000355e+00,2.277508628326769813e+00
1.280000000000000071e+01,3.200000000000000178e+00,3.722418174170280647e+00
1.300000000000000000e+01,3.250000000000000000e+00,6.816918286695275775e+00
1.320000000000000107e+01,3.300000000000000266e+00,5.773510620195211551e+00
1.340000000000000036e+01,3.350000000000000089e+00,7.755740481030479749e+00
1.360000000000000142e+01,3.400000000000000355e+00,6.288298587884700197e+00
1.380000000000000071e+01,3.450000000000000178e+00,8.572107545439882514e+00
1.400000000000000000e+01,3.500000000000000000e+00,8.874531015901514053e+00
1.420000000000000107e+01,3.550000000000000266e+00,9.347232738373003613e+00
1.440000000000000036e+01,3.600000000000000089e+00,7.752924757121794741e+00
1.460000000000000142e+01,3.650000000000000355e+00,8.833904345635140487e+00
1.480000000000000071e+01,3.700000000000000178e+00,7.872176953953500700e+00
1.500000000000000000e+01,3.750000000000000000e+00,7.220287370645561253e+00
1.520000000000000107e+01,3.800000000000000266e+00,5.827188887806616258e+00
1.540000000000000036e+01,3.850000000000000089e+00,6.065564284161471420e+00
1.560000000000000142e+01,3.900000000000000355e+00,3.135417237860468553e+00
1.580000000000000071e+01,3.950000000000000178e+00,4.865197212547331951e+00
1.600000000000000000e+01,4.000000000000000000e+00,2.799133720610349929e+00
1.619999999999999929e+01,4.049999999999999822e+00,4.449766548410050149e-01
1.640000000000000213e+01,4.100000000000000533e+00,1.673250476420520716e+00
1.660000000000000142e+01,4.150000000000000355e+00,4.540115126547001334e-01
1.680000000000000071e+01,4.200000000000000178e+00,1.988315061428467256e+00
1.700000000000000000e+01,4.250000000000000000e+00,1.960485968210710084e+00
1.719999999999999929e+01,4.299999999999999822e+00,-3.007585394195037565e-01
1.740000000000000213e+01,4.350000000000000533e+00,-5.296497177460098849e-01
1.760000000000000142e+01,4.400000000000000355e+00,-1.077980910854310803e+00
1.780000000000000071e+01,4.450000000000000178e+00,-5.848846441956472297e-01
1.800000000000000000e+01,4.500000000000000000e+00,2.325870135513185000e-01
1.819999999999999929e+01,4.549999999999999822e+00,4.773175861478493598e-01
1.840000000000000213e+01,4.600000000000000533e+00,8.918804392068040432e-01
1.860000000000000142e+01,4.650000000000000355e+00,1.308996781567703049e+00
1.880000000000000071e+01,4.700000000000000178e+00,4.667557181770391139e+00
1.900000000000000000e+01,4.750000000000000000e+00,6.098083421639544532e+00
1.920000000000000284e+01,4.800000000000000711e+00,7.330585374268367538e+00
1.940000000000000213e+01,4.850000000000000533e+00,9.606026514054114784e+00
1.960000000000000142e+01,4.900000000000000355e+00,8.861023964150515297e+00
1.980000000000000071e+01,4.950000000000000178e+00,1.018194713976224364e+01
2.000000000000000000e+01,5.000000000000000000e+00,1.005175643128882612e+01
2.020000000000000284e+01,5.050000000000000711e+00,8.798818121729015118e+00
2.040000000000000213e+01,5.100000000000000533e+00,9.467653925909445434e+00
2.060000000000000142e+01,5.150000000000000355e+00,1.094554825146514254e+01
2.080000000000000071e+01,5.200000000000000178e+00,9.182538186163494487e+00
2.100000000000000000e+01,5.250000000000000000e+00,7.408655410028826438e+00
2.120000000000000284e+01,5.300000000000000711e+00,7.833052571761607297e+00
2.140000000000000213e+01,5.350000000000000533e+00,7.762431622377390816e+00
2.160000000000000142e+01,5.400000000000000355e+00,8.553133861598983145e+00
2.180000000000000071e+01,5.450000000000000178e+00,5.659111929305276512e+00
2.200000000000000000e+01,5.500000000000000000e+00,4.576929363626799585e+00
2.220000000000000284e+01,5.550000000000000711e+00,5.330589957629605635e+00
2.240000000000000213e+01,5.600000000000000533e+00,3.826589536198381936e+00
2.260000000000000142e+01,5.650000000000000355e+00,3.135711962922216323e+00
2.280000000000000071e+01,5.700000000000000178e+00,3.569789467661015347e+00
2.300000000000000000e+01,5.750000000000000000e+00,1.866555900462064876e+00
2.320000000000000284e+01,5.800000000000000711e+00,2.526746769366207346e+00
2.340000000000000213e+01,5.850000000000000533e+00,4.600242248887296270e-01
2.360000000000000142e+01,5.900000000000000355e+00,1.076472910028516194e+00
2.380000000000000071e+01,5.950000000000000178e+00,1.657201275052792244e+00
2.400000000000000000e+01,6.000000000000000000e+00,1.569526600945554184e+00
2.420000000000000284e+01,6.050000000000000711e+00,2.417287949040383133e+00
2.440000000000000213e+01,6.100000000000000533e+00,1.105976387164620878e+00
2.460000000000000142e+01,6.150000000000000355e+00,3.767501114434123277e+00
2.480000000000000071e+01,6.200000000000000178e+00,5.254239878658225393e+00
2.500000000000000000e+01,6.250000000000000000e+00,5.128761722184224325e+00
2.520000000000000284e+01,6.300000000000000711e+00,7.365608646435916285e+00
2.540000000000000213e+01,6.350000000000000533e+00,7.478672070460548937e+00
2.560000000000000142e+01,6.400000000000000355e+00,9.243755557313727778e+00
2.580000000000000071e+01,6.450000000000000178e+00,1.069197669585844679e+01
2.600000000000000000e+01,6.500000000000000000e+00,1.108317568769908945e+01
2.620000000000000284e+01,6.550000000000000711e+00,1.158848814057389198e+01
2.640000000000000213e+01,6.600000000000000533e+00,1.140774955457634832e+01
2.660000000000000142e+01,6.650000000000000355e+00,1.102049888721564308e+01
2.680000000000000071e+01,6.700000000000000178e+00,1.202440215499591680e+01
2.700000000000000000e+01,6.750000000000000000e+00,1.225534869122349413e+01
2.720000000000000284e+01,6.800000000000000711e+00,1.085349044278464881e+01
2.740000000000000213e+01,6.850000000000000533e+00,1.107429966884238226e+01
2.760000000000000142e+01,6.900000000000000355e+00,1.117571627200399220e+01
2.780000000000000071e+01,6.950000000000000178e+00,8.648472920828973898e+00
2.800000000000000000e+01,7.000000000000000000e+00,9.162723635064363492e+00
2.820000000000000284e+01,7.050000000000000711e+00,8.382265704002664464e+00
2.840000000000000213e+01,7.100000000000000533e+00,6.375559047133198654e+00
2.860000000000000142e+01,7.150000000000000355e+00,4.690036283521338945e+00
2.880000000000000071e+01,7.200000000000000178e+00,4.236996613647988852e+00
2.900000000000000000e+01,7.250000000000000000e+00,3.482180646215618847e+00
2.920000000000000284e+01,7.300000000000000711e+00,1.855342630562555772e+00
2.940000000000000213e+01,7.350000000000000533e+00,4.480514984192346617e+00
2.960000000000000142e+01,7.400000000000000355e+00,3.646079596773152076e+00
2.980000000000000071e+01,7.450000000000000178e+00,3.894834847751575957e+00
3.000000000000000000e+01,7.500000000000000000e+00,1.263223384469897015e+00
3.020000000000000284e+01,7.550000000000000711e+00,3.202751852834093693e+00
3.040000000000000213e+01,7.600000000000000533e+00,2.959699542954112417e+00
3.060000000000000142e+01,7.650000000000000355e+00,3.547155209856237335e+00
3.080000000000000071e+01,7.700000000000000178e+00,4.853050657409691659e+00
3.100000000000000000e+01,7.750000000000000000e+00,4.186201799596730666e+00
3.120000000000000284e+01,7.800000000000000711e+00,7.017427186101626191e+00
3.140000000000000213e+01,7.850000000000000533e+00,8.465830202177501818e+00
3.160000000000000142e+01,7.900000000000000355e+00,7.348536413642768217e+00
3.180000000000000071e+01,7.950000000000000178e+00,9.891591439516641771e+00
3.200000000000000000e+01,8.000000000000000000e+00,9.353561828859593419e+00
3.220000000000000284e+01,8.050000000000000711e+00,1.131206211421281616e+01
3.239999999999999858e+01,8.099999999999999645e+00,1.284256682805200356e+01
3.260000000000000142e+01,8.150000000000000355e+00,1.322736440799592117e+01
3.280000000000000426e+01,8.200000000000001066e+00,1.309030333294235326e+01
3.300000000000000000e+01,8.250000000000000000e+00,1.295165510136341425e+01
3.320000000000000284e+01,8.300000000000000711e+00,1.512093317847901375e+01
3.339999999999999858e+01,8.349999999999999645e+00,1.421211460494246914e+01
3.360000000000000142e+01,8.400000000000000355e+00,1.199976224708655081e+01
3.380000000000000426e+01,8.450000000000001066e+00,1.360724267648564556e+01
3.400000000000000000e+01,8.500000000000000000e+00,1.235825722739724242e+01
3.420000000000000284e+01,8.550000000000000711e+00,1.052339859452823845e+01
3.439999999999999858e+01,8.599999999999999645e+00,9.406831169417408489e+00
3.460000000000000142e+01,8.650000000000000355e+00,7.377555222797248291e+00
3.480000000000000426e+01,8.700000000000001066e+00,8.392851725251027517e+00
3.500000000000000000e+01,8.750000000000000000e+00,7.490125056118050573e+00
3.520000000000000284e+01,8.800000000000000711e+00,5.821893922054836246e+00
3.539999999999999858e+01,8.849999999999999645e+00,4.796057978051949000e+00
3.560000000000000142e+01,8.900000000000000355e+00,3.964184593733779849e+00
3.580000000000000426e+01,8.950000000000001066e+00,4.483069332086384584e+00
3.600000000000000000e+01,9.000000000000000000e+00,5.950020631388947656e+00
3.620000000000000284e+01,9.050000000000000711e+00,4.652788949790390483e+00
3.639999999999999858e+01,9.099999999999999645e+00,4.166464799128572594e+00
3.660000000000000142e+01,9.150000000000000355e+00,4.710380997335088971e+00
3.680000000000000426e+01,9.200000000000001066e+00,4.223349946318435855e+00
3.700000000000000000e+01,9.250000000000000000e+00,6.383243550521501497e+00
3.720000000000000284e+01,9.300000000000000711e+00,5.846526714442058292e+00
3.739999999999999858e+01,9.349999999999999645e+00,8.991197134879293174e+00
3.760000000000000142e+01,9.400000000000000355e+00,7.173689591733865889e+00
3.780000000000000426e+01,9.450000000000001066e+00,1.043750001842963826e+01
3.800000000000000000e+01,9.500000000000000000e+00,1.060767000491888368e+01
3.820000000000000284e+01,9.550000000000000711e+00,1.181600951765823915e+01
3.840000000000000568e+01,9.600000000000001421e+00,1.355727579814486461e+01
3.860000000000000142e+01,9.650000000000000355e+00,1.396103952995234465e+01
3.880000000000000426e+01,9.700000000000001066e+00,1.425501451681545362e+01
3.900000000000000000e+01,9.750000000000000000e+00,1.579629038499773230e+01
3.920000000000000284e+01,9.800000000000000711e+00,1.653941228683414977e+01
3.940000000000000568e+01,9.850000000000001421e+00,1.455885101715528229e+01
3.960000000000000142e+01,9.900000000000000355e+00,1.495539609729464203e+01
3.980000000000000426e+01,9.950000000000001066e+00,1.731962134663082509e+01
4.000000000000000000e+01,1.000000000000000000e+01,1.414440619790923570e+01
4.020000000000000284e+01,1.005000000000000071e+01,1.285940202702100343e+01
4.040000000000000568e+01,1.010000000000000142e+01,1.237137331692811415e+01
4.060000000000000142e+01,1.015000000000000036e+01,1.220669211889104133e+01
4.080000000000000426e+01,1.020000000000000107e+01,1.221860083894407367e+01
4.100000000000000000e+01,1.025000000000000000e+01,8.788303661285143065e+00
4.120000000000000284e+01,1.030000000000000071e+01,7.668013744497393702e+00
4.140000000000000568e+01,1.035000000000000142e+01,6.430234748298809144e+00
4.160000000000000142e+01,1.040000000000000036e+01,7.373507581950077494e+00
4.180000000000000426e+01,1.045000000000000107e+01,3.126870841022209913e+00
4.200000000000000000e+01,1.050000000000000000e+01,5.655608263411791015e+00
4.220000000000000284e+01,1.055000000000000071e+01,6.718523669400166654e+00
4.240000000000000568e+01,1.060000000000000142e+01,7.176248373290253113e+00
4.260000000000000142e+01,1.065000000000000036e+01,4.891392385089479156e+00
4.280000000000000426e+01,1.070000000000000107e+01,6.929408585116695107e+00
4.300000000000000000e+01,1.075000000000000000e+01,6.411905084314540204e+00
4.320000000000000284e+01,1.080000000000000071e+01,8.872782240107422780e+00
4.340000000000000568e+01,1.085000000000000142e+01,8.088733198921556067e+00
4.360000000000000142e+01,1.090000000000000036e+01,1.080203598819120359e+01
4.380000000000000426e+01,1.095000000000000107e+01,9.800056299539249949e+00
4.400000000000000000e+01,1.100000000000000000e+01,1.028722756139123007e+01
4.420000000000000284e+01,1.105000000000000071e+01,1.278971961654105804e+01
4.440000000000000568e+01,1.110000000000000142e+01,1.341440785722467233e+01
4.460000000000000142e+01,1.115000000000000036e+01,1.352729842514598957e+01
4.480000000000000426e+01,1.120000000000000107e+01,1.416265999568739531e+01
4.500000000000000000e+01,1.125000000000000000e+01,1.431204879158289955e+01
4.520000000000000284e+01,1.130000000000000071e+01,1.503125710120293057e+01
4.540000000000000568e+01,1.135000000000000142e+01,1.664260104356114667e+01
4.560000000000000142e+01,1.140000000000000036e+01,1.632968410639425372e+01
4.580000000000000426e+01,1.145000000000000107e+01,1.478674146849687432e+01
4.600000000000000000e+01,1.150000000000000000e+01,1.623642529540500945e+01
4.620000000000000284e+01,1.155000000000000071e+01,1.522744785036507942e+01
4.640000000000000568e+01,1.160000000000000142e+01,1.434307642431055285e+01
4.660000000000000142e+01,1.165000000000000036e+01,1.347150461424744705e+01
4.680000000000000426e+01,1.170000000000000107e+01,1.296281528010092288e+01
4.700000000000000000e+01,1.175000000000000000e+01,1.313454234984452818e+01
4.720000000000000284e+01,1.180000000000000071e+01,9.446417173175728266e+00
4.740000000000000568e+01,1.185000000000000142e+01,9.583984828002650502e+00
4.760000000000000142e+01,1.190000000000000036e+01,1.047527925534260618e+01
4.780000000000000426e+01,1.195000000000000107e+01,7.939445920960241487e+00
4.800000000000000000e+01,1.200000000000000000e+01,9.808243472076723535e+00
4.820000000000000284e+01,1.205000000000000071e+01,8.055930719504997839e+00
4.840000000000000568e+01,1.210000000000000142e+01,8.078746477173623930e+00
4.860000000000000142e+01,1.215000000000000036e+01,7.642066228331858113e+00
4.880000000000000426e+01,1.220000000000000107e+01,8.868882092887695023e+00
4.900000000000000000e+01,1.225000000000000000e+01,7.487782133910798166e+00
4.920000000000000284e+01,1.230000000000000071e+01,8.032450868137349431e+00
4.940000000000000568e+01,1.235000000000000142e+01,8.556344032775387021e+00
4.960000000000000142e+01,1.240000000000000036e+01,8.832267162779858793e+00
4.980000000000000426e+01,1.245000000000000107e+01,1.107070485440272378e+01
5.000000000000000000e+01,1.250000000000000000e+01,1.242911329407410470e+01
5.020000000000000284e+01,1.255000000000000071e+01,1.253229545900360264e+01
5.040000000000000568e+01,1.260000000000000142e+01,1.200316352539952547e+01
5.060000000000000142e+01,1.265000000000000036e+01,1.293628913874708530e+01
5.080000000000000426e+01,1.270000000000000107e+01,1.451308950863413116e+01
5.100000000000000000e+01,1.275000000000000000e+01,1.656376036973110999e+01
5.120000000000000284e+01,1.280000000000000071e+01,1.550083902778813716e+01
5.140000000000000568e+01,1.285000000000000142e+01,1.813220163115182260e+01
5.160000000000000142e+01,1.290000000000000036e+01,1.839261750908050530e+01
5.180000000000000426e+01,1.295000000000000107e+01,1.820254597146292852e+01
5.200000000000000000e+01,1.300000000000000000e+01,1.949180656881756235e+01
5.220000000000000284e+01,1.305000000000000071e+01,1.544893169737492045e+01
5.240000000000000568e+01,1.310000000000000142e+01,1.758740292757206447e+01
5.260000000000000142e+01,1.315000000000000036e+01,1.562047365895003992e+01
5.280000000000000426e+01,1.320000000000000107e+01,1.589627497998239569e+01
5.300000000000000000e+01,1.325000000000000000e+01,1.509633231267306996e+01
5.320000000000000284e+01,1.330000000000000071e+01,1.468872110292231170e+01
5.340000000000000568e+01,1.335000000000000142e+01,1.395149312790956841e+01
5.360000000000000142e+01,1.340000000000000036e+01,1.318021921468003654e+01
5.380000000000000426e+01,1.345000000000000107e+01,1.109328738588933838e+01
5.400000000000000000e+01,1.350000000000000000e+01,1.084525976092302457e+01
5.420000000000000284e+01,1.355000000000000071e+01,1.107816052393512862e+01
5.440000000000000568e+01,1.360000000000000142e+01,9.235576225871326983e+00
5.460000000000000142e+01,1.365000000000000036e+01,1.150166280052283874e+01
5.480000000000000426e+01,1.370000000000000107e+01,7.597281822378397997e+00
5.500000000000000000e+01,1.375000000000000000e+01,8.886814125094581129e+00
5.520000000000000284e+01,1.380000000000000071e+01,1.007720831366226832e+01
5.540000000000000568e+01,1.385000000000000142e+01,8.941522663326551879e+00
5.560000000000000142e+01,1.390000000000000036e+01,1.130261873109434845e+01
5.580000000000000426e+01,1.395000000000000107e+01,9.746519749683230316e+00
5.600000000000000000e+01,1.400000000000000000e+01,1.089191978997729748e+01
5.620000000000000284e+01,1.405000000000000071e+01,1.104015675482168923e+01
5.640000000000000568e+01,1.410000000000000142e+01,1.209725453879716639e+01
5.660000000000000142e+01,1.415000000000000036e+01,1.399031394464901901e+01
5.680000000000000426e+01,1.420000000000000107e+01,1.534093066885954393e+01
5.700000000000000000e+01,1.425000000000000000e+01,1.615101364763853908e+01
5.720000000000000284e+01,1.430000000000000071e+01,1.832999509200715238e+01
5.740000000000000568e+01,1.435000000000000142e+01,1.815672510553340047e+01
5.760000000000000142e+01,1.440000000000000036e+01,1.763868528463565966e+01
5.780000000000000426e+01,1.445000000000000107e+01,1.936519315573838895e+01
5.800000000000000000e+01,1.450000000000000000e+01,1.798614027388470404e+01
5.820000000000000284e+01,1.455000000000000071e+01,2.034423601482770039e+01
5.840000000000000568e+01,1.460000000000000142e+01,1.914006265709132038e+01
5.860000000000000142e+01,1.465000000000000036e+01,1.950390373322105830e+01
5.880000000000000426e+01,1.470000000000000107e+01,2.019115160303416445e+01
5.900000000000000000e+01,1.475000000000000000e+01,1.801517483301694966e+01
5.920000000000000284e+01,1.480000000000000071e+01,1.754463100552414190e+01
5.940000000000000568e+01,1.485000000000000142e+01,1.451537762903727646e+01
5.960000000000000142e+01,1.490000000000000036e+01,1.598094472054233783e+01
5.980000000000000426e+01,1.495000000000000107e+01,1.419539046693796713e+01
6.000000000000000000e+01,1.500000000000000000e+01,1.260899891829805775e+01
6.020000000000000284e+01,1.505000000000000071e+01,1.270649418523361085e+01
6.040000000000000568e+01,1.510000000000000142e+01,1.283104387517259148e+01
6.060000000000000142e+01,1.515000000000000036e+01,1.034602605935701547e+01
6.080000000000000426e+01,1.520000000000000107e+01,9.540123493209605954e+00
6.100000000000000000e+01,1.525000000000000000e+01,1.164824066911444156e+01
6.120000000000000284e+01,1.530000000000000071e+01,1.226446266918422445e+01
6.140000000000000568e+01,1.535000000000000142e+01,1.039977195884718775e+01
6.160000000000000142e+01,1.540000000000000036e+01,9.596831522443691753e+00
6.180000000000000426e+01,1.545000000000000107e+01,1.091647269634916562e+01
6.200000000000000000e+01,1.550000000000000000e+01,1.065708741458122510e+01
6.220000000000000284e+01,1.555000000000000071e+01,1.197918782782621960e+01
6.240000000000000568e+01,1.560000000000000142e+01,1.313922465108560189e+01
6.260000000000000142e+01,1.565000000000000036e+01,1.468722766905783850e+01
6.280000000000000426e+01,1.570000000000000107e+01,1.460851928860812876e+01
6.300000000000000000e+01,1.575000000000000000e+01,1.705043449022389979e+01
6.320000000000000284e+01,1.580000000000000071e+01,1.696534587766487334e+01
6.340000000000000568e+01,1.585000000000000142e+01,1.951782717668144329e+01
6.360000000000000142e+01,1.590000000000000036e+01,2.059076251093669896e+01
6.380000000000000426e+01,1.595000000000000107e+01,2.156739061366581112e+01
6.400000000000000000e+01,1.600000000000000000e+01,2.143229998216664001e+01
6.420000000000000284e+01,1.605000000000000071e+01,2.211120669091774715e+01
6.440000000000000568e+01,1.610000000000000142e+01,1.997781639893766581e+01
6.460000000000000853e+01,1.615000000000000213e+01,2.247375998556762866e+01
6.479999999999999716e+01,1.619999999999999929e+01,2.224885164844481267e+01
6.500000000000000000e+01,1.625000000000000000e+01,2.011599023295682542e+01
6.520000000000000284e+01,1.630000000000000071e+01,2.004302395382158863e+01
6.540000000000000568e+01,1.635000000000000142e+01,2.022679406011110714e+01
6.560000000000000853e+01,1.640000000000000213e+01,2.008393028895973842e+01
6.579999999999999716e+01,1.644999999999999929e+01,1.520468572431494714e+01
6.600000000000000000e+01,1.650000000000000000e+01,1.859862429398892303e+01
6.620000000000000284e+01,1.655000000000000071e+01,1.613704343912710115e+01
6.640000000000000568e+01,1.660000000000000142e+01,1.618999977676483226e+01
6.660000000000000853e+01,1.665000000000000213e+01,1.376455311173322471e+01
6.679999999999999716e+01,1.669999999999999929e+01,1.453351425264456509e+01
6.700000000000000000e+01,1.675000000000000000e+01,1.385069646954410949e+01
6.720000000000000284e+01,1.680000000000000071e+01,1.174783937475063667e+01
6.740000000000000568e+01,1.685000000000000142e+01,1.074974150696628428e+01
6.760000000000000853e+01,1.690000000000000213e+01,1.052613072916326153e+01
6.779999999999999716e+01,1.694999999999999929e+01,1.306556713262009417e+01
6.800000000000000000e+01,1.700000000000000000e+01,1.236043398026360229e+01
6.820000000000000284e+01,1.705000000000000071e+01,1.214892432988887627e+01
6.840000000000000568e+01,1.710000000000000142e+01,1.372080476160753904e+01
6.860000000000000853e+01,1.715000000000000213e+01,1.461774776091535699e+01
6.879999999999999716e+01,1.719999999999999929e+01,1.474112084842834491e+01
6.900000000000000000e+01,1.725000000000000000e+01,1.741638147494057876e+01
6.920000000000000284e+01,1.730000000000000071e+01,1.853323965508804960e+01
6.940000000000000568e+01,1.735000000000000142e+01,2.023950874125089783e+01
6.960000000000000853e+01,1.740000000000000213e+01,2.024013178287604475e+01
6.979999999999999716e+01,1.744999999999999929e+01,2.073963422958533798e+01
7.000000000000000000e+01,1.750000000000000000e+01,1.991952717178997645e+01
7.020000000000000284e+01,1.755000000000000071e+01,2.362610332947767944e+01
7.040000000000000568e+01,1.760000000000000142e+01,2.254952093937919599e+01
7.060000000000000853e+01,1.765000000000000213e+01,2.405765395678248808e+01
7.079999999999999716e+01,1.769999999999999929e+01,2.301882283599906387e+01
7.100000000000000000e+01,1.775000000000000000e+01,2.310798579800413677e+01
7.120000000000000284e+01,1.780000000000000071e+01,2.314421942064889492e+01
7.140000000000000568e+01,1.785000000000000142e+01,2.132981966246671490e+01
7.160000000000000853e+01,1.790000000000000213e+01,2.033508739287485056e+01
7.179999999999999716e+01,1.794999999999999929e+01,1.943372214278407029e+01
7.200000000000000000e+01,1.800000000000000000e+01,1.882079903225843864e+01
7.220000000000000284e+01,1.805000000000000071e+01,1.852770401115434495e+01
7.240000000000000568e+01,1.810000000000000142e+01,1.664117123171272183e+01
7.260000000000000853e+01,1.815000000000000213e+01,1.603832568627274924e+01
7.279999999999999716e+01,1.819999999999999929e+01,1.535056667930383334e+01
7.300000000000000000e+01,1.825000000000000000e+01,1.494523967732856562e+01
7.320000000000000284e+01,1.830000000000000071e+01,1.458282143006602460e+01
7.340000000000000568e+01,1.835000000000000142e+01,1.197594563658362254e+01
7.360000000000000853e+01,1.840000000000000213e+01,1.501729077173087390e+01
7.379999999999999716e+01,1.844999999999999929e+01,1.311024819335472458e+01
7.400000000000000000e+01,1.850000000000000000e+01,1.439457567980151431e+01
7.420000000000000284e+01,1.855000000000000071e+01,1.418671202003156395e+01
7.440000000000000568e+01,1.860000000000000142e+01,1.468758532548938867e+01
7.460000000000000853e+01,1.865000000000000213e+01,1.452489130978558052e+01
7.479999999999999716e+01,1.869999999999999929e+01,1.580855085627590917e+01
7.500000000000000000e+01,1.875000000000000000e+01,1.813505985688061628e+01
7.520000000000000284e+01,1.880000000000000071e+01,1.820363112954576224e+01
7.540000000000000568e+01,1.885000000000000142e+01,1.766708769833488901e+01
7.560000000000000853e+01,1.890000000000000213e+01,2.027175258888777520e+01
7.579999999999999716e+01,1.894999999999999929e+01,1.998415855627180804e+01
7.600000000000000000e+01,1.900000000000000000e+01,2.144093643865111787e+01
7.620000000000000284e+01,1.905000000000000071e+01,2.375242465763120236e+01
7.640000000000000568e+01,1.910000000000000142e+01,2.433924486421833322e+01
7.660000000000000853e+01,1.915000000000000213e+01,2.369522336409660213e+01
7.680000000000001137e+01,1.920000000000000284e+01,2.325082081525131983e+01
7.700000000000000000e+01,1.925000000000000000e+01,2.354106634180131508e+01
7.720000000000000284e+01,1.930000000000000071e+01,2.440086875512912101e+01
7.740000000000000568e+01,1.935000000000000142e+01,2.406321841408142248e+01
7.760000000000000853e+01,1.940000000000000213e+01,2.477209744191928920e+01
7.780000000000001137e+01,1.945000000000000284e+01,2.303544663162109174e+01
7.800000000000000000e+01,1.950000000000000000e+01,2.248465145765529982e+01
7.820000000000000284e+01,1.955000000000000071e+01,2.051998802229903163e+01
7.840000000000000568e+01,1.960000000000000142e+01,2.165100395189112348e+01
7.860000000000000853e+01,1.965000000000000213e+01,2.011833906186251042e+01
7.880000000000001137e+01,1.970000000000000284e+01,1.974646347810487157e+01
7.900000000000000000e+01,1.975000000000000000e+01,1.774094659798905127e+01
7.920000000000000284e+01,1.980000000000000071e+01,1.738757961127589624e+01
7.940000000000000568e+01,1.985000000000000142e+01,1.664551393701982462e+01
7.960000000000000853e+01,1.990000000000000213e+01,1.692888333207087115e+01
7.980000000000001137e+01,1.995000000000000284e+01,1.459081538413137125e+01
8.000000000000000000e+01,2.000000000000000000e+01,1.349487662247745412e+01
8.020000000000000284e+01,2.005000000000000071e+01,1.332506605982052150e+01
8.040000000000000568e+01,2.010000000000000142e+01,1.479148655338012830e+01
8.060000000000000853e+01,2.015000000000000213e+01,1.553981523196295988e+01
8.080000000000001137e+01,2.020000000000000284e+01,1.547321335493900740e+01
8.100000000000000000e+01,2.025000000000000000e+01,1.589417090338116445e+01
8.120000000000000284e+01,2.030000000000000071e+01,1.751716014737419869e+01
8.140000000000000568e+01,2.035000000000000142e+01,1.937217811559959202e+01
8.160000000000000853e+01,2.040000000000000213e+01,2.146457086851950180e+01
8.180000000000001137e+01,2.045000000000000284e+01,2.134778260289963114e+01
8.200000000000000000e+01,2.050000000000000000e+01,2.296934116078020338e+01
8.220000000000000284e+01,2.055000000000000071e+01,2.191612999758152469e+01
8.240000000000000568e+01,2.060000000000000142e+01,2.269234256819287054e+01
8.260000000000000853e+01,2.065000000000000213e+01,2.482781125542962997e+01
8.280000000000001137e+01,2.070000000000000284e+01,2.380837260863062355e+01
8.300000000000000000e+01,2.075000000000000000e+01,2.549421328475548165e+01
8.320000000000000284e+01,2.080000000000000071e+01,2.392481484647956691e+01
8.340000000000000568e+01,2.085000000000000142e+01,2.584766944817791412e+01
8.360000000000000853e+01,2.090000000000000213e+01,2.699074957691043863e+01
8.380000000000001137e+01,2.095000000000000284e+01,2.600097975984279230e+01
8.400000000000000000e+01,2.100000000000000000e+01,2.535839428930422201e+01
8.420000000000000284e+01,2.105000000000000071e+01,2.209748888261116662e+01
8.440000000000000568e+01,2.110000000000000142e+01,2.461512068140142517e+01
8.460000000000000853e+01,2.115000000000000213e+01,2.264322322951975508e+01
8.480000000000001137e+01,2.120000000000000284e+01,2.181850896330346856e+01
8.500000000000000000e+01,2.125000000000000000e+01,2.122573900123523671e+01
8.520000000000000284e+01,2.130000000000000071e+01,1.924673278592170078e+01
8.540000000000000568e+01,2.135000000000000142e+01,1.792756309990939556e+01
8.560000000000000853e+01,2.140000000000000213e+01,1.917241358394617023e+01
8.580000000000001137e+01,2.145000000000000284e+01,1.816992248823173739e+01
8.600000000000000000e+01,2.150000000000000000e+01,1.808714627493051097e+01
8.620000000000000284e+01,2.155000000000000071e+01,1.605327413672925019e+01
8.640000000000000568e+01,2.160000000000000142e+01,1.632789978699774380e+01
8.660000000000000853e+01,2.165000000000000213e+01,1.668040191863730826e+01
8.680000000000001137e+01,2.170000000000000284e+01,1.407314041477474120e+01
8.700000000000000000e+01,2.175000000000000000e+01,1.723447453686503650e+01
8.720000000000000284e+01,2.180000000000000071e+01,1.894282575900128762e+01
8.740000000000000568e+01,2.185000000000000142e+01,1.969317034063959682e+01
8.760000000000000853e+01,2.190000000000000213e+01,2.079683715606348215e+01
8.780000000000001137e+01,2.195000000000000284e+01,1.892550958524999061e+01
8.800000000000000000e+01,2.200000000000000000e+01,2.235970832664659724e+01
8.820000000000000284e+01,2.205000000000000071e+01,2.159727240609133148e+01
8.840000000000000568e+01,2.210000000000000142e+01,2.314504616211000254e+01
8.860000000000000853e+01,2.215000000000000213e+01,2.475786030077169642e+01
8.880000000000001137e+01,2.220000000000000284e+01,2.526408345965846891e+01
8.900000000000000000e+01,2.225000000000000000e+01,2.721803111636732808e+01
8.920000000000000284e+01,2.230000000000000071e+01,2.749358533534527638e+01
8.940000000000000568e+01,2.235000000000000142e+01,2.870646786962182517e+01
8.960000000000000853e+01,2.240000000000000213e+01,2.575764357180401731e+01
8.980000000000001137e+01,2.245000000000000284e+01,2.653497194925365221e+01
9.000000000000000000e+01,2.250000000000000000e+01,2.774467042910013959e+01
9.020000000000000284e+01,2.255000000000000071e+01,2.751083355828703603e+01
9.040000000000000568e+01,2.260000000000000142e+01,2.639300893195933995e+01
9.060000000000000853e+01,2.265000000000000213e+01,2.485101477058174169e+01
9.080000000000001137e+01,2.270000000000000284e+01,2.320727243739231227e+01
9.100000000000000000e+01,2.275000000000000000e+01,2.510840854875726791e+01
9.120000000000000284e+01,2.280000000000000071e+01,2.162875680049175386e+01
9.140000000000000568e+01,2.285000000000000142e+01,2.037417511629935163e+01
9.160000000000000853e+01,2.290000000000000213e+01,2.025923347116735584e+01
9.180000000000001137e+01,2.295000000000000284e+01,1.974197860224423806e+01
9.200000000000000000e+01,2.300000000000000000e+01,1.801855885673477431e+01
9.220000000000000284e+01,2.305000000000000071e+01,1.841682833315933365e+01
9.240000000000000568e+01,2.310000000000000142e+01,1.825536797638621067e+01
9.260000000000000853e+01,2.315000000000000213e+01,1.866214070354505949e+01
9.280000000000001137e+01,2.320000000000000284e+01,1.922828552128097357e+01
9.300000000000000000e+01,2.325000000000000000e+01,1.800672799410672553e+01
9.320000000000000284e+01,2.330000000000000071e+01,1.866061197388610182e+01
9.340000000000000568e+01,2.335000000000000142e+01,1.930179606331966013e+01
9.360000000000000853e+01,2.340000000000000213e+01,2.096289343218452572e+01
9.380000000000001137e+01,2.345000000000000284e+01,2.122820168863115597e+01
9.400000000000000000e+01,2.350000000000000000e+01,2.246376145472168417e+01
9.420000000000000284e+01,2.355000000000000071e+01,2.265552038588878858e+01
9.440000000000000568e+01,2.360000000000000142e+01,2.570308210321811160e+01
9.460000000000000853e+01,2.365000000000000213e+01,2.525002944273905214e+01
9.480000000000001137e+01,2.370000000000000284e+01,2.652903275926632176e+01
9.500000000000000000e+01,2.375000000000000000e+01,2.679997285574028965e+01
9.520000000000000284e+01,2.380000000000000071e+01,2.714068420669049786e+01
9.540000000000000568e+01,2.385000000000000142e+01,2.617975137890294945e+01
9.560000000000000853e+01,2.390000000000000213e+01,3.018931245246152173e+01
9.580000000000001137e+01,2.395000000000000284e+01,2.981741115227391958e+01
9.600000000000000000e+01,2.400000000000000000e+01,2.716589602858788055e+01
9.620000000000000284e+01,2.405000000000000071e+01,2.944778603300742148e+01
9.640000000000000568e+01,2.410000000000000142e+01,2.917418704715806044e+01
9.660000000000000853e+01,2.415000000000000213e+01,2.864111449297655909e+01
9.680000000000001137e+01,2.420000000000000284e+01,2.688611392396378719e+01
9.700000000000000000e+01,2.425000000000000000e+01,2.572451249057438361e+01
9.720000000000000284e+01,2.430000000000000071e+01,2.465445585799488271e+01
9.740000000000000568e+01,2.435000000000000142e+01,2.401754633603496103e+01
9.760000000000000853e+01,2.440000000000000213e+01,2.309781937747812464e+01
9.780000000000001137e+01,2.445000000000000284e+01,1.991737351124844935e+01
9.800000000000000000e+01,2.450000000000000000e+01,2.183564322513430866e+01
9.820000000000000284e+01,2.455000000000000071e+01,2.111581429432501267e+01
9.840000000000000568e+01,2.460000000000000142e+01,1.959960505312918499e+01
9.860000000000000853e+01,2.465000000000000213e+01,1.999673427895857358e+01
9.880000000000001137e+01,2.470000000000000284e+01,2.072041491024127424e+01
9.900000000000000000e+01,2.475000000000000000e+01,1.889985214278111414e+01
9.920000000000000284e+01,2.480000000000000071e+01,2.019044120212513249e+01
9.940000000000000568e+01,2.485000000000000142e+01,2.037144147006719663e+01
9.960000000000000853e+01,2.490000000000000213e+01,1.894828836289232044e+01
9.980000000000001137e+01,2.495000000000000284e+01,2.099429838568851636e+01
1.000000000000000000e+02,2.500000000000000000e+01,2.341954647174519621e+01
1.002000000000000028e+02,2.505000000000000071e+01,2.370582641051910500e+01
1.004000000000000057e+02,2.510000000000000142e+01,2.366509203209273693e+01
1.006000000000000085e+02,2.515000000000000213e+01,2.641235536550450647e+01
1.008000000000000114e+02,2.520000000000000284e+01,2.692938908949596311e+01
1.010000000000000000e+02,2.525000000000000000e+01,2.726464057684262343e+01
1.012000000000000028e+02,2.530000000000000071e+01,2.771173293036898855e+01
1.014000000000000057e+02,2.535000000000000142e+01,3.051371372187012199e+01
1.016000000000000085e+02,2.540000000000000213e+01,2.779886004303035207e+01
1.018000000000000114e+02,2.545000000000000284e+01,3.056948585292388998e+01
1.020000000000000000e+02,2.550000000000000000e+01,2.874554850078605028e+01
1.022000000000000028e+02,2.555000000000000071e+01,3.139543477836439678e+01
1.024000000000000057e+02,2.560000000000000142e+01,2.990934481299473191e+01
1.026000000000000085e+02,2.565000000000000213e+01,3.016265222516355138e+01
1.028000000000000114e+02,2.570000000000000284e+01,3.010612628686110881e+01
1.030000000000000000e+02,2.575000000000000000e+01,2.936059189828904081e+01
1.032000000000000028e+02,2.580000000000000071e+01,2.904901216454321045e+01
1.034000000000000057e+02,2.585000000000000142e+01,2.836129363780578672e+01
1.036000000000000085e+02,2.590000000000000213e+01,2.680351847773183493e+01
1.038000000000000114e+02,2.595000000000000284e+01,2.668164797376552144e+01
1.040000000000000000e+02,2.600000000000000000e+01,2.355977497863208825e+01
1.042000000000000028e+02,2.605000000000000071e+01,2.311465333289209667e+01
1.044000000000000057e+02,2.610000000000000142e+01,2.427720536148008179e+01
1.046000000000000085e+02,2.615000000000000213e+01,2.254327651328006255e+01
1.048000000000000114e+02,2.620000000000000284e+01,2.253681777591510382e+01
1.050000000000000000e+02,2.625000000000000000e+01,2.063776829142163649e+01
1.052000000000000028e+02,2.630000000000000071e+01,2.152448415212429467e+01
1.054000000000000057e+02,2.635000000000000142e+01,2.019495361729138949e+01
1.056000000000000085e+02,2.640000000000000213e+01,2.129572888670024255e+01
1.058000000000000114e+02,2.645000000000000284e+01,2.264749418276768722e+01
1.060000000000000000e+02,2.650000000000000000e+01,2.360675970253238276e+01
1.062000000000000028e+02,2.655000000000000071e+01,2.387743872997562633e+01
1.064000000000000057e+02,2.660000000000000142e+01,2.441216385667917166e+01
1.066000000000000085e+02,2.665000000000000213e+01,2.338009326248360153e+01
1.068000000000000114e+02,2.670000000000000284e+01,2.384042765702691469e+01
1.070000000000000000e+02,2.675000000000000000e+01,2.790129583737441976e+01
1.072000000000000028e+02,2.680000000000000071e+01,2.958211109635027825e+01
1.074000000000000057e+02,2.685000000000000142e+01,2.944209651247271964e+01
1.076000000000000085e+02,2.690000000000000213e+01,3.107115581199674281e+01
1.078000000000000114e+02,2.695000000000000284e+01,3.184723220983364556e+01
1.080000000000000000e+02,2.700000000000000000e+01,3.154374615996867703e+01
1.082000000000000028e+02,2.705000000000000071e+01,3.141744864127442582e+01
1.084000000000000057e+02,2.710000000000000142e+01,3.304156901155364068e+01
1.086000000000000085e+02,2.715000000000000213e+01,3.020156813670061524e+01
1.088000000000000114e+02,2.720000000000000284e+01,3.095917125931341829e+01
1.090000000000000000e+02,2.725000000000000000e+01,3.071243204294215090e+01
1.092000000000000028e+02,2.730000000000000071e+01,3.032382194667915698e+01
1.094000000000000057e+02,2.735000000000000142e+01,2.854935588234040011e+01
1.096000000000000085e+02,2.740000000000000213e+01,2.862519723622240519e+01
1.098000000000000114e+02,2.745000000000000284e+01,3.042065045187853656e+01
1.100000000000000000e+02,2.750000000000000000e+01,2.691741663332575740e+01
1.102000000000000028e+02,2.755000000000000071e+01,2.696151753615698610e+01
1.104000000000000057e+02,2.760000000000000142e+01,2.453614712431305378e+01
1.106000000000000085e+02,2.765000000000000213e+01,2.564880144314257748e+01
1.108000000000000114e+02,2.770000000000000284e+01,2.326637075685326295e+01
1.110000000000000000e+02,2.775000000000000000e+01,2.421172083804351516e+01
1.112000000000000028e+02,2.780000000000000071e+01,2.249984383068340321e+01
1.114000000000000057e+02,2.785000000000000142e+01,2.188866579067618190e+01
1.116000000000000085e+02,2.790000000000000213e+01,2.304935125408658436e+01
1.118000000000000114e+02,2.795000000000000284e+01,2.418609694222011797e+01
1.120000000000000000e+02,2.800000000000000000e+01,2.303892889769269914e+01
1.122000000000000028e+02,2.805000000000000071e+01,2.409620135395928031e+01
1.124000000000000057e+02,2.810000000000000142e+01,2.213840493497519901e+01
1.126000000000000085e+02,2.815000000000000213e+01,2.429542650294572326e+01
1.128000000000000114e+02,2.820000000000000284e+01,2.696313063114191522e+01
1.130000000000000000e+02,2.825000000000000000e+01,2.784747117343684053e+01
1.132000000000000028e+02,2.830000000000000071e+01,2.639747522476052666e+01
1.134000000000000057e+02,2.835000000000000142e+01,2.786030270001617026e+01
1.136000000000000085e+02,2.840000000000000213e+01,3.220341972875322512e+01
1.138000000000000114e+02,2.845000000000000284e+01,3.116888187570083346e+01
1.140000000000000000e+02,2.850000000000000000e+01,3.092089519326644265e+01
1.142000000000000028e+02,2.855000000000000071e+01,3.269818218437384871e+01
1.144000000000000057e+02,2.860000000000000142e+01,3.404057255258567949e+01
1.146000000000000085e+02,2.865000000000000213e+01,3.471512644483063781e+01
1.148000000000000114e+02,2.870000000000000284e+01,3.490295077702570126e+01
1.150000000000000000e+02,2.875000000000000000e+01,3.280506399290512576e+01
1.152000000000000028e+02,2.880000000000000071e+01,3.442307211948476464e+01
1.154000000000000057e+02,2.885000000000000142e+01,3.378275072472634122e+01
1.156000000000000085e+02,2.890000000000000213e+01,3.141263261731180734e+01
1.158000000000000114e+02,2.895000000000000284e+01,2.972508785472290072e+01
1.160000000000000000e+02,2.900000000000000000e+01,2.988413676693183874e+01
1.162000000000000028e+02,2.905000000000000071e+01,2.741377927301915918e+01
1.164000000000000057e+02,2.910000000000000142e+01,2.906874382532047818e+01
1.166000000000000085e+02,2.915000000000000213e+01,2.695910219605891101e+01
1.168000000000000114e+02,2.920000000000000284e+01,2.663267676903370784e+01
1.170000000000000000e+02,2.925000000000000000e+01,2.607408023921999529e+01
1.172000000000000028e+02,2.930000000000000071e+01,2.526768248554751395e+01
1.174000000000000057e+02,2.935000000000000142e+01,2.291413567551419561e+01
1.176000000000000085e+02,2.940000000000000213e+01,2.493036996235924718e+01
1.178000000000000114e+02,2.945000000000000284e+01,2.382642334278936858e+01
1.180000000000000000e+02,2.950000000000000000e+01,2.343054780584638408e+01
1.182000000000000028e+02,2.955000000000000071e+01,2.439241062886137712e+01
1.184000000000000057e+02,2.960000000000000142e+01,2.607307530642162519e+01
1.186000000000000085e+02,2.965000000000000213e+01,2.667674384067739979e+01
1.188000000000000114e+02,2.970000000000000284e+01,2.702807126166917584e+01
1.190000000000000000e+02,2.975000000000000000e+01,2.810459193968921809e+01
1.192000000000000028e+02,2.980000000000000071e+01,2.953581639730971986e+01
1.194000000000000057e+02,2.985000000000000142e+01,2.912314839361718910e+01
1.196000000000000085e+02,2.990000000000000213e+01,3.051712703863680076e+01
1.198000000000000114e+02,2.995000000000000284e+01,3.029082405122115063e+01
1.200000000000000000e+02,3.000000000000000000e+01,3.218460325807534872e+01
1.202000000000000028e+02,3.005000000000000071e+01,3.468810568843548481e+01
1.204000000000000057e+02,3.010000000000000142e+01,3.427617900179636479e+01
1.206000000000000085e+02,3.015000000000000213e+01,3.468039830751894925e+01
1.208000000000000114e+02,3.020000000000000284e+01,3.388372733690911076e+01
1.210000000000000000e+02,3.025000000000000000e+01,3.396480874711824782e+01
1.212000000000000028e+02,3.030000000000000071e+01,3.539954357189793654e+01
1.214000000000000057e+02,3.035000000000000142e+01,3.521693028697037420e+01
1.216000000000000085e+02,3.040000000000000213e+01,3.436777372337578385e+01
1.218000000000000114e+02,3.045000000000000284e+01,3.378925765174529516e+01
1.220000000000000000e+02,3.050000000000000000e+01,3.304589471314331206e+01
1.222000000000000028e+02,3.055000000000000071e+01,3.313010502833287774e+01
1.224000000000000057e+02,3.060000000000000142e+01,2.998880486668787171e+01
1.226000000000000085e+02,3.065000000000000213e+01,2.955257722514317464e+01
1.228000000000000114e+02,3.070000000000000284e+01,2.939300239888020982e+01
1.230000000000000000e+02,3.075000000000000000e+01,2.956089438007259673e+01
1.232000000000000028e+02,3.080000000000000071e+01,2.783885099623456227e+01
1.234000000000000057e+02,3.085000000000000142e+01,2.745772007576070806e+01
1.236000000000000085e+02,3.090000000000000213e+01,2.610976059574700869e+01
1.238000000000000114e+02,3.095000000000000284e+01,2.602617045794860218e+01
1.240000000000000000e+02,3.100000000000000000e+01,2.656162362734828974e+01
1.242000000000000028e+02,3.105000000000000071e+01,2.817388423478960746e+01
1.244000000000000057e+02,3.110000000000000142e+01,2.750943092092870046e+01
1.246000000000000085e+02,3.115000000000000213e+01,2.621135334776271009e+01
1.248000000000000114e+02,3.120000000000000284e+01,2.631030216141837386e+01
1.250000000000000000e+02,3.125000000000000000e+01,2.693709729397930275e+01
1.252000000000000028e+02,3.130000000000000071e+01,2.957774281522528881e+01
1.254000000000000057e+02,3.135000000000000142e+01,3.003783410868973647e+01
1.256000000000000085e+02,3.140000000000000213e+01,3.018027479588757345e+01
1.258000000000000114e+02,3.145000000000000284e+01,3.262600539256188625e+01
1.260000000000000000e+02,3.150000000000000000e+01,3.237182898958102584e+01
1.262000000000000028e+02,3.155000000000000071e+01,3.312762913944278154e+01
1.264000000000000057e+02,3.160000000000000142e+01,3.360927136935861625e+01
1.266000000000000085e+02,3.165000000000000213e+01,3.674743986139721130e+01
1.268000000000000114e+02,3.170000000000000284e+01,3.663802541075037311e+01
1.270000000000000000e+02,3.175000000000000000e+01,3.688191227251988380e+01
1.272000000000000028e+02,3.180000000000000071e+01,3.416658186908617978e+01
1.274000000000000057e+02,3.185000000000000142e+01,3.726718334929479681e+01
1.276000000000000085e+02,3.190000000000000213e+01,3.559110766107070845e+01
1.278000000000000114e+02,3.195000000000000284e+01,3.308415981862092536e+01
1.280000000000000000e+02,3.200000000000000000e+01,3.673962614926791304e+01
1.282000000000000171e+02,3.205000000000000426e+01,3.457787946877157026e+01
1.284000000000000057e+02,3.210000000000000142e+01,3.367272970170382962e+01
1.285999999999999943e+02,3.214999999999999858e+01,3.440957737631001123e+01
1.288000000000000114e+02,3.220000000000000284e+01,3.143150727149584256e+01
1.290000000000000000e+02,3.225000000000000000e+01,3.022476773707492725e+01
1.292000000000000171e+02,3.230000000000000426e+01,3.064733833945711083e+01
1.294000000000000057e+02,3.235000000000000142e+01,2.831563494944589010e+01
1.295999999999999943e+02,3.239999999999999858e+01,2.885453115061271490e+01
1.298000000000000114e+02,3.245000000000000284e+01,2.978796970195357829e+01
1.300000000000000000e+02,3.250000000000000000e+01,3.007522539054518518e+01
1.302000000000000171e+02,3.255000000000000426e+01,2.625026978804199729e+01
1.304000000000000057e+02,3.260000000000000142e+01,2.672245007357893698e+01
1.305999999999999943e+02,3.264999999999999858e+01,2.796225689798123781e+01
1.308000000000000114e+02,3.270000000000000284e+01,2.956496679229644542e+01
1.310000000000000000e+02,3.275000000000000000e+01,2.899480048770212193e+01
1.312000000000000171e+02,3.280000000000000426e+01,2.894738998925403095e+01
1.314000000000000057e+02,3.285000000000000142e+01,3.012876076974366057e+01
1.315999999999999943e+02,3.289999999999999858e+01,3.365644113522069603e+01
1.318000000000000114e+02,3.295000000000000284e+01,3.140502653075484218e+01
1.320000000000000000e+02,3.300000000000000000e+01,3.331137449416777940e+01
1.322000000000000171e+02,3.305000000000000426e+01,3.480641657325880800e+01
1.324000000000000057e+02,3.310000000000000142e+01,3.507801159856777673e+01
1.325999999999999943e+02,3.314999999999999858e+01,3.878382196823044126e+01
1.328000000000000114e+02,3.320000000000000284e+01,3.631973983912781989e+01
1.330000000000000000e+02,3.325000000000000000e+01,3.770526051371101062e+01
1.332000000000000171e+02,3.330000000000000426e+01,3.957447313135593703e+01
1.334000000000000057e+02,3.335000000000000142e+01,3.798801369835412345e+01
1.335999999999999943e+02,3.339999999999999858e+01,3.766417317860049252e+01
1.338000000000000114e+02,3.345000000000000284e+01,3.819410874562133529e+01
1.340000000000000000e+02,3.350000000000000000e+01,3.687670471326093491e+01
1.342000000000000171e+02,3.355000000000000426e+01,3.579238809992570225e+01
1.344000000000000057e+02,3.360000000000000142e+01,3.633559928728040234e+01
1.345999999999999943e+02,3.364999999999999858e+01,3.369539185553479399e+01
1.348000000000000114e+02,3.370000000000000284e+01,3.494639886831676279e+01
1.350000000000000000e+02,3.375000000000000000e+01,3.375560453410245287e+01
1.352000000000000171e+02,3.380000000000000426e+01,3.389458487780375151e+01
1.354000000000000057e+02,3.385000000000000142e+01,3.278540355456175348e+01
1.355999999999999943e+02,3.389999999999999858e+01,3.045957086255204160e+01
1.358000000000000114e+02,3.395000000000000284e+01,2.846781470546116211e+01
1.360000000000000000e+02,3.400000000000000000e+01,3.006778363531395115e+01
1.362000000000000171e+02,3.405000000000000426e+01,3.062326471334894862e+01
1.364000000000000057e+02,3.410000000000000142e+01,3.124899751933920555e+01
1.365999999999999943e+02,3.414999999999999858e+01,2.879363413051656195e+01
1.368000000000000114e+02,3.420000000000000284e+01,2.958850859679712997e+01
1.370000000000000000e+02,3.425000000000000000e+01,2.957127229787680989e+01
1.372000000000000171e+02,3.430000000000000426e+01,3.199812102933670843e+01
1.374000000000000057e+02,3.435000000000000142e+01,3.194427415227596256e+01
1.375999999999999943e+02,3.439999999999999858e+01,3.155570802923624996e+01
1.378000000000000114e+02,3.445000000000000284e+01,3.330818197695337801e+01
1.380000000000000000e+02,3.450000000000000000e+01,3.245645708495639070e+01
1.382000000000000171e+02,3.455000000000000426e+01,3.274571232460267112e+01
1.384000000000000057e+02,3.460000000000000142e+01,3.561256794316577157e+01
1.385999999999999943e+02,3.464999999999999858e+01,3.718951461634247835e+01
1.388000000000000114e+02,3.470000000000000284e+01,3.685018692916138860e+01
1.390000000000000000e+02,3.475000000000000000e+01,3.756720923682182445e+01
1.392000000000000171e+02,3.480000000000000426e+01,3.921602273025480656e+01
1.394000000000000057e+02,3.485000000000000142e+01,3.855958884680845955e+01
1.395999999999999943e+02,3.489999999999999858e+01,4.192239349634441226e+01
1.398000000000000114e+02,3.495000000000000284e+01,3.768165988911353281e+01
1.400000000000000000e+02,3.500000000000000000e+01,3.869400329513973702e+01
1.402000000000000171e+02,3.505000000000000426e+01,4.054195372491232519e+01
1.404000000000000057e+02,3.510000000000000142e+01,3.886640892499928412e+01
1.405999999999999943e+02,3.514999999999999858e+01,3.882966297791322319e+01
1.408000000000000114e+02,3.520000000000000284e+01,3.729619522289232236e+01
1.410000000000000000e+02,3.525000000000000000e+01,3.658239514906141210e+01
1.412000000000000171e+02,3.530000000000000426e+01,3.612466590141330158e+01
1.414000000000000057e+02,3.535000000000000142e+01,3.738521995034233214e+01
1.415999999999999943e+02,3.539999999999999858e+01,3.556585817924283788e+01
1.418000000000000114e+02,3.545000000000000284e+01,3.365141650439258569e+01
1.420000000000000000e+02,3.550000000000000000e+01,3.031995164635239703e+01
1.422000000000000171e+02,3.555000000000000426e+01,3.170763539954126387e+01
1.424000000000000057e+02,3.560000000000000142e+01,3.271408302444195471e+01
1.425999999999999943e+02,3.564999999999999858e+01,3.045053268112615896e+01
1.428000000000000114e+02,3.570000000000000284e+01,3.123244784761433479e+01
1.430000000000000000e+02,3.575000000000000000e+01,3.035806387858879418e+01
1.432000000000000171e+02,3.580000000000000426e+01,2.990505395048302972e+01
1.434000000000000057e+02,3.585000000000000142e+01,3.299891166303531520e+01
1.435999999999999943e+02,3.589999999999999858e+01,3.275531050309988501e+01
1.438000000000000114e+02,3.595000000000000284e+01,3.132657623368913136e+01
1.440000000000000000e+02,3.600000000000000000e+01,3.262018220926491097e+01
1.442000000000000171e+02,3.605000000000000426e+01,3.338654031823289614e+01
1.444000000000000057e+02,3.610000000000000142e+01,3.655676714797305493e+01
1.445999999999999943e+02,3.614999999999999858e+01,3.637153370019417054e+01
1.448000000000000114e+02,3.620000000000000284e+01,3.734987147519283468e+01
1.450000000000000000e+02,3.625000000000000000e+01,3.861612599945057411e+01
1.452000000000000171e+02,3.630000000000000426e+01,3.904750795524962115e+01
1.454000000000000057e+02,3.635000000000000142e+01,4.221571768130991842e+01
1.455999999999999943e+02,3.639999999999999858e+01,4.009578565138134110e+01
1.458000000000000114e+02,3.645000000000000284e+01,4.145857120150009933e+01
1.460000000000000000e+02,3.650000000000000000e+01,4.164219649239762333e+01
1.462000000000000171e+02,3.655000000000000426e+01,4.195105447442916358e+01
1.464000000000000057e+02,3.660000000000000142e+01,4.194797581800956010e+01
1.465999999999999943e+02,3.664999999999999858e+01,4.175509561069041098e+01
1.468000000000000114e+02,3.670000000000000284e+01,4.221172886907842070e+01
1.470000000000000000e+02,3.675000000000000000e+01,3.899696055188809396e+01
1.472000000000000171e+02,3.680000000000000426e+01,3.852713713058072642e+01
1.474000000000000057e+02,3.685000000000000142e+01,3.655919473690275368e+01
1.475999999999999943e+02,3.689999999999999858e+01,3.513944589428098197e+01
1.478000000000000114e+02,3.695000000000000284e+01,3.557697536579981090e+01
1.480000000000000000e+02,3.700000000000000000e+01,3.854910054306046163e+01
1.482000000000000171e+02,3.705000000000000426e+01,3.505291252928336831e+01
1.484000000000000057e+02,3.710000000000000142e+01,3.424226183555609992e+01
1.485999999999999943e+02,3.714999999999999858e+01,3.340545894128005955e+01
1.488000000000000114e+02,3.720000000000000284e+01,3.142760638763628123e+01
1.490000000000000000e+02,3.725000000000000000e+01,3.218257613090757019e+01
1.492000000000000171e+02,3.730000000000000426e+01,3.184888464534626706e+01
1.494000000000000057e+02,3.735000000000000142e+01,3.282274059387447807e+01
1.495999999999999943e+02,3.739999999999999858e+01,3.113976683957181635e+01
1.498000000000000114e+02,3.745000000000000284e+01,3.392987050235941382e+01
1.500000000000000000e+02,3.750000000000000000e+01,3.607309577892495867e+01
1.502000000000000171e+02,3.755000000000000426e+01,3.563332071587967675e+01
1.504000000000000057e+02,3.760000000000000142e+01,3.677221783842801273e+01
1.505999999999999943e+02,3.764999999999999858e+01,3.623411569836835611e+01
1.508000000000000114e+02,3.770000000000000284e+01,3.773213066514032477e+01
1.510000000000000000e+02,3.775000000000000000e+01,3.872188405883446904e+01
1.512000000000000171e+02,3.780000000000000426e+01,4.046337077946908067e+01
1.514000000000000057e+02,3.785000000000000142e+01,4.174041764889913964e+01
1.515999999999999943e+02,3.789999999999999858e+01,4.353603453756834796e+01
1.518000000000000114e+02,3.795000000000000284e+01,4.138647519109935757e+01
1.520000000000000000e+02,3.800000000000000000e+01,4.132543889693094741e+01
1.522000000000000171e+02,3.805000000000000426e+01,4.243897250146101641e+01
1.524000000000000057e+02,3.810000000000000142e+01,4.202717395359836416e+01
1.525999999999999943e+02,3.814999999999999858e+01,4.293680587215173716e+01
1.528000000000000114e+02,3.820000000000000284e+01,4.408333597913398449e+01
1.530000000000000000e+02,3.825000000000000000e+01,4.065707546369905145e+01
1.532000000000000171e+02,3.830000000000000426e+01,4.300998161269108522e+01
1.534000000000000057e+02,3.835000000000000142e+01,3.873728705529150318e+01
1.536000000000000227e+02,3.840000000000000568e+01,4.013474049423548706e+01
1.538000000000000114e+02,3.845000000000000284e+01,3.906319358905236783e+01
1.540000000000000000e+02,3.850000000000000000e+01,3.688331532043785899e+01
1.542000000000000171e+02,3.855000000000000426e+01,3.693841895252628404e+01
1.544000000000000057e+02,3.860000000000000142e+01,3.468025265958848991e+01
1.546000000000000227e+02,3.865000000000000568e+01,3.596184490851930349e+01
1.548000000000000114e+02,3.870000000000000284e+01,3.405985314140139764e+01
1.550000000000000000e+02,3.875000000000000000e+01,3.435736622451605626e+01
1.552000000000000171e+02,3.880000000000000426e+01,3.505582258745280200e+01
1.554000000000000057e+02,3.885000000000000142e+01,3.388242888665992325e+01
1.556000000000000227e+02,3.890000000000000568e+01,3.558368229250378079e+01
1.558000000000000114e+02,3.895000000000000284e+01,3.207184688956538565e+01
1.560000000000000000e+02,3.900000000000000000e+01,3.639754924754245025e+01
1.562000000000000171e+02,3.905000000000000426e+01,3.634207143652655247e+01
1.564000000000000057e+02,3.910000000000000142e+01,3.620515740074947075e+01
1.566000000000000227e+02,3.915000000000000568e+01,3.707679827079235224e+01
1.568000000000000114e+02,3.920000000000000284e+01,3.898399986657651795e+01
1.570000000000000000e+02,3.925000000000000000e+01,4.055227937260711712e+01
1.572000000000000171e+02,3.930000000000000426e+01,4.042319366735800656e+01
1.574000000000000057e+02,3.935000000000000142e+01,4.296088400061299239e+01
1.576000000000000227e+02,3.940000000000000568e+01,4.234973118625030963e+01
1.578000000000000114e+02,3.945000000000000284e+01,4.353166293550921040e+01
1.580000000000000000e+02,3.950000000000000000e+01,4.415551001713646428e+01
1.582000000000000171e+02,3.955000000000000426e+01,4.393097466210721791e+01
1.584000000000000057e+02,3.960000000000000142e+01,4.273124134132140028e+01
1.586000000000000227e+02,3.965000000000000568e+01,4.548017122063465933e+01
1.588000000000000114e+02,3.970000000000000284e+01,4.415435505328503041e+01
1.590000000000000000e+02,3.975000000000000000e+01,4.471899838932024096e+01
1.592000000000000171e+02,3.980000000000000426e+01,4.516674686249777437e+01
1.594000000000000057e+02,3.985000000000000142e+01,4.524527171854914087e+01
1.596000000000000227e+02,3.990000000000000568e+01,4.268503418206552169e+01
1.598000000000000114e+02,3.995000000000000284e+01,4.236537468368276649e+01
1.600000000000000000e+02,4.000000000000000000e+01,4.008710462472230063e+01
1.602000000000000171e+02,4.005000000000000426e+01,3.892026392971062876e+01
1.604000000000000057e+02,4.010000000000000142e+01,3.902341526460382681e+01
1.606000000000000227e+02,4.015000000000000568e+01,3.890599925643188328e+01
1.608000000000000114e+02,4.020000000000000284e+01,3.706889230232451382e+01
1.610000000000000000e+02,4.025000000000000000e+01,3.552867169629540456e+01
1.612000000000000171e+02,4.030000000000000426e+01,3.425918347216455828e+01
1.614000000000000057e+02,4.035000000000000142e+01,3.491615053530959756e+01
1.616000000000000227e+02,4.040000000000000568e+01,3.377447691975532962e+01
1.618000000000000114e+02,4.045000000000000284e+01,3.543180597457358516e+01
1.620000000000000000e+02,4.050000000000000000e+01,3.508598952978667285e+01
1.622000000000000171e+02,4.055000000000000426e+01,3.624331381508959282e+01
1.624000000000000057e+02,4.060000000000000142e+01,3.831455851945680990e+01
1.626000000000000227e+02,4.065000000000000568e+01,3.589734582511870542e+01
1.628000000000000114e+02,4.070000000000000284e+01,3.882727506128006212e+01
1.630000000000000000e+02,4.075000000000000000e+01,3.745390891977669412e+01
1.632000000000000171e+02,4.080000000000000426e+01,3.887427971491183598e+01
1.634000000000000057e+02,4.085000000000000142e+01,4.104657401379557768e+01
1.636000000000000227e+02,4.090000000000000568e+01,4.283416126559185955e+01
1.638000000000000114e+02,4.095000000000000284e+01,4.185079676157953088e+01
1.640000000000000000e+02,4.100000000000000000e+01,4.459467243006263715e+01
1.642000000000000171e+02,4.105000000000000426e+01,4.503675107122477073e+01
1.644000000000000057e+02,4.110000000000000142e+01,4.686602801053962963e+01
1.646000000000000227e+02,4.115000000000000568e+01,4.425486956498961177e+01
1.648000000000000114e+02,4.120000000000000284e+01,4.797543333128914611e+01
1.650000000000000000e+02,4.125000000000000000e+01,4.414067290038812530e+01
1.652000000000000171e+02,4.130000000000000426e+01,4.592483157748230838e+01
1.654000000000000057e+02,4.135000000000000142e+01,4.560700735341687562e+01
1.656000000000000227e+02,4.140000000000000568e+01,4.595548918355490287e+01
1.658000000000000114e+02,4.145000000000000284e+01,4.442805334362717673e+01
1.660000000000000000e+02,4.150000000000000000e+01,4.407520080372570703e+01
1.662000000000000171e+02,4.155000000000000426e+01,4.287607098059819322e+01
1.664000000000000057e+02,4.160000000000000142e+01,4.144703892223427744e+01
1.666000000000000227e+02,4.165000000000000568e+01,4.065481836267864679e+01
1.668000000000000114e+02,4.170000000000000284e+01,4.032667083726347101e+01
1.670000000000000000e+02,4.175000000000000000e+01,3.936001586113969353e+01
1.672000000000000171e+02,4.180000000000000426e+01,3.812386427552907975e+01
1.674000000000000057e+02,4.185000000000000142e+01,3.878387314361778948e+01
1.676000000000000227e+02,4.190000000000000568e+01,3.892521033641170902e+01
1.678000000000000114e+02,4.195000000000000284e+01,3.600052411890392534e+01
1.680000000000000000e+02,4.200000000000000000e+01,3.732027495400384964e+01
1.682000000000000171e+02,4.205000000000000426e+01,3.836955374999689639e+01
1.684000000000000057e+02,4.210000000000000142e+01,3.798431772049829647e+01
1.686000000000000227e+02,4.215000000000000568e+01,3.770895701937550371e+01
1.688000000000000114e+02,4.220000000000000284e+01,3.768315242793687503e+01
1.690000000000000000e+02,4.225000000000000000e+01,4.006995041439890315e+01
1.692000000000000171e+02,4.230000000000000426e+01,3.924679088999603493e+01
1.694000000000000057e+02,4.235000000000000142e+01,4.089473676491002152e+01
1.696000000000000227e+02,4.240000000000000568e+01,4.310820196379868463e+01
1.698000000000000114e+02,4.245000000000000284e+01,4.304370638238726343e+01
1.700000000000000000e+02,4.250000000000000000e+01,4.302181132242658634e+01
1.702000000000000171e+02,4.255000000000000426e+01,4.736164745264570541e+01
1.704000000000000057e+02,4.260000000000000142e+01,4.743561818596237600e+01
1.706000000000000227e+02,4.265000000000000568e+01,4.718390031821246566e+01
1.708000000000000114e+02,4.270000000000000284e+01,4.723336614369583941e+01
1.710000000000000000e+02,4.275000000000000000e+01,4.736167986630911031e+01
1.712000000000000171e+02,4.280000000000000426e+01,4.888533751300119690e+01
1.714000000000000057e+02,4.285000000000000142e+01,4.805757511474541843e+01
1.716000000000000227e+02,4.290000000000000568e+01,4.796529964990332928e+01
1.718000000000000114e+02,4.295000000000000284e+01,4.729520775321441306e+01
1.720000000000000000e+02,4.300000000000000000e+01,4.563454997396020474e+01
1.722000000000000171e+02,4.305000000000000426e+01,4.411268407947321890e+01
1.724000000000000057e+02,4.310000000000000142e+01,4.473203058830603851e+01
1.726000000000000227e+02,4.315000000000000568e+01,4.173497101303541257e+01
1.728000000000000114e+02,4.320000000000000284e+01,4.465200275254585449e+01
1.730000000000000000e+02,4.325000000000000000e+01,4.068593843004769184e+01
1.732000000000000171e+02,4.330000000000000426e+01,4.050294993244689579e+01
1.734000000000000057e+02,4.335000000000000142e+01,3.947944479140122809e+01
1.736000000000000227e+02,4.340000000000000568e+01,3.809577883840128010e+01
1.738000000000000114e+02,4.345000000000000284e+01,3.947097887796788740e+01
1.740000000000000000e+02,4.350000000000000000e+01,3.877867290266684819e+01
1.742000000000000171e+02,4.355000000000000426e+01,3.854067130286097154e+01
1.744000000000000057e+02,4.360000000000000142e+01,4.028128980690559757e+01
1.746000000000000227e+02,4.365000000000000568e+01,3.754656485363526031e+01
1.748000000000000114e+02,4.370000000000000284e+01,3.701064018833390179e+01
1.750000000000000000e+02,4.375000000000000000e+01,4.057119125966885065e+01
1.752000000000000171e+02,4.380000000000000426e+01,4.039867385259992716e+01
1.754000000000000057e+02,4.385000000000000142e+01,4.131465968994142202e+01
1.756000000000000227e+02,4.390000000000000568e+01,4.087036648462512289e+01
1.758000000000000114e+02,4.395000000000000284e+01,4.346465579371228216e+01
1.760000000000000000e+02,4.400000000000000000e+01,4.525824918301525202e+01
1.762000000000000171e+02,4.405000000000000426e+01,4.568660173293647375e+01
1.764000000000000057e+02,4.410000000000000142e+01,4.821311631802820585e+01
1.766000000000000227e+02,4.415000000000000568e+01,4.541769590938135082e+01
1.768000000000000114e+02,4.420000000000000284e+01,4.878705677570355448e+01
1.770000000000000000e+02,4.425000000000000000e+01,4.876787380475768430e+01
1.772000000000000171e+02,4.430000000000000426e+01,4.880077965219846448e+01
1.774000000000000057e+02,4.435000000000000142e+01,4.831317226247630003e+01
1.776000000000000227e+02,4.440000000000000568e+01,4.937130914334163378e+01
1.778000000000000114e+02,4.445000000000000284e+01,4.992941341368238284e+01
1.780000000000000000e+02,4.450000000000000000e+01,4.924534778532645163e+01
1.782000000000000171e+02,4.455000000000000426e+01,4.956404137199744753e+01
1.784000000000000057e+02,4.460000000000000142e+01,4.714016604841351210e+01
1.786000000000000227e+02,4.465000000000000568e+01,4.714189235864365912e+01
1.788000000000000114e+02,4.470000000000000284e+01,4.491282926020029720e+01
1.790000000000000000e+02,4.475000000000000000e+01,4.548218307448061637e+01
1.792000000000000171e+02,4.480000000000000426e+01,4.181870346129105087e+01
1.794000000000000057e+02,4.485000000000000142e+01,4.404340245223671957e+01
1.796000000000000227e+02,4.490000000000000568e+01,4.176277280113476564e+01
1.798000000000000114e+02,4.495000000000000284e+01,4.078526206042690916e+01
1.800000000000000000e+02,4.500000000000000000e+01,4.128710058723380882e+01
1.802000000000000171e+02,4.505000000000000426e+01,3.979930008214346060e+01
1.804000000000000057e+02,4.510000000000000142e+01,3.971531928512391829e+01
1.806000000000000227e+02,4.515000000000000568e+01,4.147955104008357807e+01
1.808000000000000114e+02,4.520000000000000284e+01,4.238082566502481541e+01
1.810000000000000000e+02,4.525000000000000000e+01,4.041167796955409131e+01
1.812000000000000171e+02,4.530000000000000426e+01,4.265744257419687813e+01
1.814000000000000057e+02,4.535000000000000142e+01,4.235411960945059207e+01
1.816000000000000227e+02,4.540000000000000568e+01,4.406331807734854777e+01
1.818000000000000114e+02,4.545000000000000284e+01,4.533769924057411060e+01
1.820000000000000000e+02,4.550000000000000000e+01,4.454212594247863422e+01
1.822000000000000171e+02,4.555000000000000426e+01,4.502681990983347760e+01
1.824000000000000057e+02,4.560000000000000142e+01,4.620889114548230481e+01
1.826000000000000227e+02,4.565000000000000568e+01,4.845963120626447562e+01
1.828000000000000114e+02,4.570000000000000284e+01,4.928561744737960026e+01
1.830000000000000000e+02,4.575000000000000000e+01,5.032069590278934612e+01
1.832000000000000171e+02,4.580000000000000426e+01,5.033275655798769321e+01
1.834000000000000057e+02,4.585000000000000142e+01,5.148550415991238793e+01
1.836000000000000227e+02,4.590000000000000568e+01,5.064609580429117131e+01
1.838000000000000114e+02,4.595000000000000284e+01,4.997952514514946643e+01
1.840000000000000000e+02,4.600000000000000000e+01,5.063088970500385244e+01
1.842000000000000171e+02,4.605000000000000426e+01,5.059048974133735044e+01
1.844000000000000057e+02,4.610000000000000142e+01,5.005307041455510841e+01
1.846000000000000227e+02,4.615000000000000568e+01,5.030679611351644809e+01
1.848000000000000114e+02,4.620000000000000284e+01,4.905300224003620713e+01
1.850000000000000000e+02,4.625000000000000000e+01,4.670833039078544857e+01
1.852000000000000171e+02,4.630000000000000426e+01,4.819985515716632563e+01
1.854000000000000057e+02,4.635000000000000142e+01,4.574977798064092127e+01
1.856000000000000227e+02,4.640000000000000568e+01,4.594096922740192213e+01
1.858000000000000114e+02,4.645000000000000284e+01,4.421328441310168955e+01
1.860000000000000000e+02,4.650000000000000000e+01,4.392102871919033902e+01
1.862000000000000171e+02,4.655000000000000426e+01,4.276985679166583054e+01
1.864000000000000057e+02,4.660000000000000142e+01,4.393714029206365979e+01
1.866000000000000227e+02,4.665000000000000568e+01,4.066875429517948959e+01
1.868000000000000114e+02,4.670000000000000284e+01,4.109790147130733828e+01
1.870000000000000000e+02,4.675000000000000000e+01,4.209751548857706638e+01
1.872000000000000171e+02,4.680000000000000426e+01,4.171631483439617938e+01
1.874000000000000057e+02,4.685000000000000142e+01,4.140742390812013696e+01
1.876000000000000227e+02,4.690000000000000568e+01,4.254992160886743591e+01
1.878000000000000114e+02,4.695000000000000284e+01,4.391731495993903422e+01
1.880000000000000000e+02,4.700000000000000000e+01,4.426309758336892486e+01
1.882000000000000171e+02,4.705000000000000426e+01,4.621633190843198236e+01
1.884000000000000057e+02,4.710000000000000142e+01,4.546475991337710099e+01
1.886000000000000227e+02,4.715000000000000568e+01,4.763451902872126453e+01
1.888000000000000114e+02,4.720000000000000284e+01,4.928852800157398661e+01
1.890000000000000000e+02,4.725000000000000000e+01,4.983428466719304595e+01
1.892000000000000171e+02,4.730000000000000426e+01,5.144790465031721993e+01
1.894000000000000057e+02,4.735000000000000142e+01,5.156027929063932191e+01
1.896000000000000227e+02,4.740000000000000568e+01,5.289899433599363476e+01
1.898000000000000114e+02,4.745000000000000284e+01,5.079559387443080709e+01
1.900000000000000000e+02,4.750000000000000000e+01,5.042288717871189618e+01
1.902000000000000171e+02,4.755000000000000426e+01,5.110671107781044498e+01
1.904000000000000057e+02,4.760000000000000142e+01,5.151534238506734198e+01
1.906000000000000227e+02,4.765000000000000568e+01,5.179877907546238447e+01
1.908000000000000114e+02,4.770000000000000284e+01,5.130816311599056689e+01
1.910000000000000000e+02,4.775000000000000000e+01,5.064111351269122707e+01
1.912000000000000171e+02,4.780000000000000426e+01,4.939415556110036931e+01
1.914000000000000057e+02,4.785000000000000142e+01,4.887836879067260298e+01
1.916000000000000227e+02,4.790000000000000568e+01,4.751061625900918983e+01
1.918000000000000114e+02,4.795000000000000284e+01,4.660207999010132340e+01
1.920000000000000000e+02,4.800000000000000000e+01,4.685833984742058789e+01
1.922000000000000171e+02,4.805000000000000426e+01,4.509701847229762706e+01
1.924000000000000057e+02,4.810000000000000142e+01,4.473590573873956799e+01
1.926000000000000227e+02,4.815000000000000568e+01,4.514880353089144904e+01
1.928000000000000114e+02,4.820000000000000284e+01,4.432464322701751769e+01
1.930000000000000000e+02,4.825000000000000000e+01,4.527427264150097130e+01
1.932000000000000171e+02,4.830000000000000426e+01,4.454716606839148341e+01
1.934000000000000057e+02,4.835000000000000142e+01,4.461809835595815343e+01
1.936000000000000227e+02,4.840000000000000568e+01,4.328059760857514249e+01
1.938000000000000114e+02,4.845000000000000284e+01,4.390437162371695479e+01
1.940000000000000000e+02,4.850000000000000000e+01,4.632252252872582687e+01
1.942000000000000171e+02,4.855000000000000426e+01,4.599181274319368384e+01
1.944000000000000057e+02,4.860000000000000142e+01,4.773682451467855969e+01
1.946000000000000227e+02,4.865000000000000568e+01,4.631387888215576965e+01
1.948000000000000114e+02,4.870000000000000284e+01,4.705353480263121213e+01
1.950000000000000000e+02,4.875000000000000000e+01,5.144921410051042443e+01
1.952000000000000171e+02,4.880000000000000426e+01,5.263818346136653048e+01
1.954000000000000057e+02,4.885000000000000142e+01,5.232551398337233195e+01
1.956000000000000227e+02,4.890000000000000568e+01,5.302252140519068035e+01
1.958000000000000114e+02,4.895000000000000284e+01,5.419230846372794019e+01
1.960000000000000000e+02,4.900000000000000000e+01,5.271587883356679072e+01
1.962000000000000171e+02,4.905000000000000426e+01,5.436373725573982085e+01
1.964000000000000057e+02,4.910000000000000142e+01,5.444816323524170087e+01
1.966000000000000227e+02,4.915000000000000568e+01,5.336785398502888711e+01
1.968000000000000114e+02,4.920000000000000284e+01,5.481457858677732276e+01
1.970000000000000000e+02,4.925000000000000000e+01,5.148397646049307497e+01
1.972000000000000171e+02,4.930000000000000426e+01,5.360968876848233577e+01
1.974000000000000057e+02,4.935000000000000142e+01,5.070163005741230933e+01
1.976000000000000227e+02,4.940000000000000568e+01,5.179933479698080134e+01
1.978000000000000114e+02,4.945000000000000284e+01,5.120164232343861244e+01
1.980000000000000000e+02,4.950000000000000000e+01,4.944200574793600111e+01
1.982000000000000171e+02,4.955000000000000426e+01,4.811378009774270481e+01
1.984000000000000057e+02,4.960000000000000142e+01,4.700368195461205545e+01
1.986000000000000227e+02,4.965000000000000568e+01,4.745727488219210954e+01
1.988000000000000114e+02,4.970000000000000284e+01,4.532944188901901583e+01
1.990000000000000000e+02,4.975000000000000000e+01,4.406329700078091349e+01
1.992000000000000171e+02,4.980000000000000426e+01,4.337118075646714743e+01
1.994000000000000057e+02,4.985000000000000142e+01,4.439140889081730990e+01
1.996000000000000227e+02,4.990000000000000568e+01,4.575595176780780093e+01
1.998000000000000114e+02,4.995000000000000284e+01,4.407214326713071983e+01
